path	disposition	evidence_path	evidence_label	rationale
docs/spec/architecture.md	stronger-current	docs/spec/architecture.md	reserved for preview, reviewed-Diff planning, revert validation, and other	The original native candidate fork remains for inspection paths, while ordinary accepted desktop commits now use the stronger live-Core transaction boundary without foreground fork cost.
docs/spec/ui-behavior.md	stronger-current	docs/spec/ui-behavior.md	Body, field-value, and Table-hosted node editing all delegate create, split,	The current spec retains the recovered shared optimistic transaction and updates settlement wording for accepted deltas before background durability.
src/core/core.ts	stronger-current	tests/core/coreRuntimeFork.test.ts	uses an isolated native candidate without serializing the workspace	The native fork and independent incremental containers remain, while direct desktop commits no longer need a fork.
src/main/main.ts	equivalent-current	tests/core/outlineRuntimeProcess.test.ts	replaces a same-contract Runtime left by a previous development session	Production wiring still supplies the clone session identity so an Electron restart cannot attach to stale source.
src/outline/client/supervisor.ts	equivalent-current	tests/core/outlineRuntimeProcess.test.ts	reuses a Runtime from the same development session	Supervisor retirement still distinguishes stale and current development sessions without disturbing packaged clients.
src/outline/runtime/server/entry.ts	equivalent-current	tests/core/outlineRuntimeProcess.test.ts	replaces a same-contract Runtime left by a previous development session	The source entry still forwards the development session identity into the Runtime server.
src/outline/runtime/server/runtimeServer.ts	equivalent-current	tests/core/outlineRuntimeProcess.test.ts	retires only when the replacement development session differs	The authenticated retirement route retains its session and contract checks.
src/renderer/api/outlineIntents.ts	stronger-current	tests/renderer/outlineIntents.test.ts	creates and converts unchecked checkbox rows atomically	Stable renderer-reserved IDs and atomic structural intents remain, with accepted direct commit now replacing unnecessary preview for ordinary edits.
src/renderer/state/document.ts	stronger-current	tests/renderer/optimisticNodePatch.test.ts	serializes same-node commands and an older settlement cannot clear its successor	Pending structural, node-patch, and removal state remain and now also guard successor settlement ordering.
src/renderer/state/trailingDraftPlacement.ts	stronger-current	tests/renderer/trailingDraftPlacement.test.ts	replaces a projected row with the optimistic row carrying the same id	Anchor placement and projection suppression remain, with explicit draft-origin semantics added for a continuously mounted next trailing row.
src/renderer/ui/editor/RichTextEditor.tsx	equivalent-current	tests/renderer/eagerMaterializeSpike.test.tsx	a focus-targeted editor mounts before the parent layout phase	The targeted layout-phase EditorView path, passive untargeted path, composition gate, and stable editor identity remain.
src/renderer/ui/outliner/OutlinerFlatView.tsx	stronger-current	tests/renderer/visualRows.test.ts	owned row keys stay stable across reparenting	Flat optimistic placement remains and derived pending collections are memoized so unrelated renders do not invalidate row projection.
src/renderer/ui/outliner/OutlinerItem.tsx	stronger-current	tests/e2e/outliner-row-editing.spec.ts	typing into a pending split row survives settlement without remounting the editor	The shared pending structural path remains and now distinguishes originating trailing drafts so the next draft stays mounted during settlement.
src/renderer/ui/outliner/OutlinerTableView.tsx	stronger-current	tests/e2e/table-view.spec.ts	moves to the next table title before the current text patch settles	Table retains the shared optimistic path and memoizes pending sets and maps to preserve editor and row identity.
src/renderer/ui/outliner/ReferenceSelector.tsx	stronger-current	tests/renderer/rowInteractions.test.ts	reference admission excludes date shortcuts and private Composer file-node identities	Stable popover selection remains; synthetic date and private IDs are deliberately excluded by the later canonical public-reference admission boundary.
src/renderer/ui/outliner/TriggerPopover.tsx	equivalent-current	tests/renderer/popoverSelection.test.tsx	resets a same-length replacement list and scrolls its first item before paint	Suggestion identity still resets and scrolls selection before paint; the removed date key follows the public-reference admission decision.
src/renderer/ui/outliner/optimisticStructuralEdit.ts	stronger-current	tests/renderer/optimisticStructuralEdit.test.ts	stays pending until its real command settlement is bound	The shared settlement primitive remains and now records draft origin and trailing-marker retention explicitly.
tests/core/outlineRuntimeProcess.test.ts	stronger-current	tests/core/outlineRuntimeProcess.test.ts	replaces a same-contract Runtime left by a previous development session	All four development-session cases remain and current process coverage adds lifecycle, accepted-settlement, ContentStore, and contract boundaries.
tests/e2e/outliner-bullet-parity.spec.ts	equivalent-current	tests/e2e/outliner-bullet-parity.spec.ts	field label keeps first-line alignment when the value contains multiple rows	The visual assertion follows the maintained flat-flow DOM while preserving the same field alignment responsibility.
tests/e2e/outliner-row-editing.spec.ts	stronger-current	tests/e2e/outliner-row-editing.spec.ts	Enter in the middle immediately shows the split head and keeps it after settlement	The recovered first-frame, authoritative settlement, and editor-identity assertions remain.
tests/e2e/outliner-selection-keyboard.spec.ts	stronger-current	tests/e2e/outliner-selection-keyboard.spec.ts	ArrowRight converts a selected reference row to an unchanged inline reference and blur restores it	The historical shortcut remains and current assertions additionally freeze stable replacement IDs and optimistic projection isolation.
tests/e2e/outliner-triggers.spec.ts	stronger-current	tests/e2e/outliner-triggers.spec.ts	/field switches a trailing draft to the shared field transaction before Runtime settles	Trigger, field, option, reference, and semantic conversion coverage retains the original assertions and adds first-frame settlement checks.
tests/e2e/outlinerMock.ts	stronger-current	tests/e2e/outliner-row-editing.spec.ts	Enter in the middle immediately shows the split head and keeps it after settlement	The mock retains stable replacement IDs and direct commit support, and its mutation gate proves both optimistic and authoritative frames deterministically.
tests/e2e/table-view.spec.ts	stronger-current	tests/e2e/table-view.spec.ts	moves to the next table title before the current text patch settles	The maintained test retains table field behavior and adds navigation-before-settlement coverage.
tests/renderer/reduceProjection.test.ts	equivalent-current	tests/renderer/reduceProjection.test.ts	prunes removed focus, selection, expansion, and deferred state at the delta boundary	The deleted pending-reference-typeahead assertion reflects its explicit replacement by local optimistic state; the remaining projection cleanup assertions are unchanged.
tests/renderer/trailingDraftPlacement.test.ts	stronger-current	tests/renderer/trailingDraftPlacement.test.ts	suppresses relocation sources for both cross-parent and same-parent moves	Every original placement assertion remains and current coverage also distinguishes materializing trailing rows from projected optimistic overrides.
